{"cameraMode":{"drawMode":0,"name":"Shaded","section":"Shading Mode"},"sceneLighting":false,"audioPlay":false,"sceneViewState":{"showFog":true,"showMaterialUpdate":false,"showSkybox":false,"showFlares":true,"showImageEffects":true,"showParticleSystems":true},"in2DMode":false,"pivot":{"x":-16888.884765625,"y":23259.29296875,"z":-11889.3818359375},"rotation":{"x":0.09906229376792908,"y":-0.6989681720733643,"z":0.09871562570333481,"w":0.7013580799102783},"size":5.5818400382995609,"orthographic":false}