{"cameraMode":{"drawMode":0,"name":"Shaded","section":"Shading Mode"},"sceneLighting":true,"audioPlay":false,"sceneViewState":{"showFog":true,"showMaterialUpdate":false,"showSkybox":false,"showFlares":true,"showImageEffects":true,"showParticleSystems":true},"in2DMode":false,"pivot":{"x":4146.990234375,"y":13993.94140625,"z":7372.03515625},"rotation":{"x":-0.03471677005290985,"y":-0.9651671648025513,"z":0.19094154238700868,"w":-0.17552810907363892},"size":57157.67578125,"orthographic":false}