{"cameraMode":{"drawMode":0,"name":"Shaded","section":"Shading Mode"},"sceneLighting":false,"audioPlay":false,"sceneViewState":{"showFog":true,"showMaterialUpdate":false,"showSkybox":false,"showFlares":true,"showImageEffects":true,"showParticleSystems":true},"in2DMode":false,"pivot":{"x":-16888.884765625,"y":23259.29296875,"z":-11889.3818359375},"rotation":{"x":0.02391698956489563,"y":-0.004383995663374662,"z":-0.0037002034951001407,"w":1.0001426935195923},"size":5.5818400382995609,"orthographic":false}