{"cameraMode":{"drawMode":0,"name":"Shaded","section":"Shading Mode"},"sceneLighting":true,"audioPlay":false,"sceneViewState":{"showFog":true,"showMaterialUpdate":false,"showSkybox":true,"showFlares":true,"showImageEffects":true,"showParticleSystems":true},"in2DMode":false,"pivot":{"x":-16105.4501953125,"y":23295.611328125,"z":-11855.6650390625},"rotation":{"x":-0.14431250095367433,"y":0.754386305809021,"z":-0.1759660542011261,"w":-0.6163635849952698},"size":60.29591369628906,"orthographic":false}