{"cameraMode":{"drawMode":0,"name":"Shaded","section":"Shading Mode"},"sceneLighting":false,"audioPlay":false,"sceneViewState":{"showFog":true,"showMaterialUpdate":false,"showSkybox":false,"showFlares":true,"showImageEffects":true,"showParticleSystems":true},"in2DMode":false,"pivot":{"x":-83.38565826416016,"y":-41.93312454223633,"z":-46.1457405090332},"rotation":{"x":0.018128754571080209,"y":-0.6618849635124207,"z":-0.016013480722904207,"w":-0.7492915987968445},"size":343.5962219238281,"orthographic":false}